{"name":"Hostel Ledger","short_name":"Ledger","description":"Smart expense splitting for groups, roommates, and friends","start_url":"/","display":"standalone","background_color":"#F8F9FA","theme_color":"#4a6850","lang":"en","scope":"/","id":"/","orientation":"portrait-primary","categories":["finance","productivity","utilities"],"prefer_related_applications":false,"icons":[{"src":"/only-logo.png","sizes":"192x192","type":"image/png","purpose":"any"},{"src":"/only-logo.png","sizes":"512x512","type":"image/png","purpose":"any"},{"src":"/only-logo.png","sizes":"192x192","type":"image/png","purpose":"maskable"},{"src":"/only-logo.png","sizes":"512x512","type":"image/png","purpose":"maskable"}],"shortcuts":[{"name":"Add Expense","short_name":"Add Expense","description":"Quickly add a new expense","url":"/?action=add-expense","icons":[{"src":"/only-logo.png","sizes":"707x701"}]},{"name":"View Groups","short_name":"Groups","description":"View your expense groups","url":"/groups","icons":[{"src":"/only-logo.png","sizes":"707x701"}]}]}